,source,pearson_corr,pearson_corr_pvalue,spearman_corr,spearmancorr_pvalue,rank_corr,rank_corr_pvalue,metric
0,CNNDM,0.6458651931422239,2.0485956598744902e-26,0.40842700885074434,6.273152667337808e-10,0.9333333333333332,0.00023589981215941676,G-Eval
1,CNNDM,0.6256663390081596,1.955792497427097e-24,0.5986859397032297,5.25426298472044e-22,0.7833333333333333,0.012519873019449882,G-Eval+
